{
	"id": "d7a9a78d-b89d-e6b9-0068-1898079e34d2",
	"name": "APMPROD",
	"description": "",
	"order": [
		"bd69d49a-9e50-204a-5344-aee5127dae06",
		"3cbddefc-e4c8-dab2-3134-ef6fa07415a9",
		"3980c6ed-9f45-2c47-0d5c-21f0b0952e80",
		"f0693bd4-381f-ce25-c914-df1a69de10b6",
		"dc4adea7-1eb7-a7b0-51d2-ae3b44159777",
		"05ffe5d6-2e7a-5ad3-8437-f88e420ae221",
		"e23e5481-a32d-fe10-4fee-b39a7ebfad10"
	],
	"folders": [],
	"timestamp": 1481324896514,
	"owner": "1185400",
	"public": false,
	"requests": [
		{
			"id": "05ffe5d6-2e7a-5ad3-8437-f88e420ae221",
			"headers": "Authorization: Bearer {{ingestorToken}}\ntenant: {{tenant}}\n",
			"url": "https://apm-timeseries-services-prod.apm-api.predix.com/v1/data/add?file_type=ODBExportCSV",
			"preRequestScript": null,
			"pathVariables": {},
			"method": "POST",
			"data": [
				{
					"key": "file",
					"value": "",
					"type": "file",
					"enabled": true
				},
				{
					"key": "",
					"value": "",
					"type": "text",
					"enabled": false
				}
			],
			"dataMode": "params",
			"tests": null,
			"currentHelper": "normal",
			"helperAttributes": {},
			"time": 1484876514429,
			"name": "TimeseriesUploadCSVFile",
			"description": "",
			"collectionId": "d7a9a78d-b89d-e6b9-0068-1898079e34d2",
			"responses": []
		},
		{
			"id": "3980c6ed-9f45-2c47-0d5c-21f0b0952e80",
			"headers": "tenant: {{tenant}}\nAuthorization: Bearer {{ingestorToken}}\n",
			"url": "https://apm-adapter-config-provider-prod.apm-api.predix.com/v1/tasks/{{taskID}}",
			"preRequestScript": null,
			"pathVariables": {},
			"method": "GET",
			"data": [],
			"dataMode": "params",
			"tests": null,
			"currentHelper": "normal",
			"helperAttributes": {},
			"time": 1481325983945,
			"name": "TrackStatus",
			"description": "",
			"collectionId": "d7a9a78d-b89d-e6b9-0068-1898079e34d2",
			"responses": []
		},
		{
			"id": "3cbddefc-e4c8-dab2-3134-ef6fa07415a9",
			"headers": "Accept: application/json\nAuthorization: Bearer {{ingestorToken}}\ntenant: {{tenant}}\n",
			"url": "https://apm-s95-adapter-prod.apm-api.predix.com/v1/asset/upload",
			"preRequestScript": null,
			"pathVariables": {},
			"method": "POST",
			"data": [
				{
					"key": "file",
					"type": "file",
					"enabled": true,
					"value": "STUDENT80MACKTRUCK.zip"
				}
			],
			"dataMode": "params",
			"tests": null,
			"currentHelper": "normal",
			"helperAttributes": {},
			"time": 1484599058604,
			"name": "IngestionUpload",
			"description": "",
			"collectionId": "d7a9a78d-b89d-e6b9-0068-1898079e34d2",
			"responses": []
		},
		{
			"id": "bd69d49a-9e50-204a-5344-aee5127dae06",
			"headers": "Authorization: Basic aW5nZXN0b3IuYmE2OTNkMDAtMTM1YS00NmQ1LTk5NDUtMzlmNTE2MTdhNjRjLmE0YzQ1ODJjLTYyOGEtNGM4Yy05Y2U3LWYxNWMxMjdmNjc0Yzo=\n",
			"url": "{{baseUrl}}",
			"preRequestScript": null,
			"pathVariables": {},
			"method": "POST",
			"data": [
				{
					"key": "grant_type",
					"value": "password",
					"type": "text",
					"enabled": true,
					"warning": ""
				},
				{
					"key": "username",
					"value": "e5da6303-0eb0-469f-8f1a-292a79a5d3aa_ingestor",
					"type": "text",
					"enabled": true,
					"warning": ""
				},
				{
					"key": "password",
					"value": "APMtrain2017",
					"type": "text",
					"enabled": true,
					"warning": ""
				}
			],
			"dataMode": "urlencoded",
			"tests": null,
			"currentHelper": "normal",
			"helperAttributes": {},
			"time": 1484876711548,
			"name": "GetIngestionToken",
			"description": "",
			"collectionId": "d7a9a78d-b89d-e6b9-0068-1898079e34d2",
			"responses": []
		},
		{
			"id": "dc4adea7-1eb7-a7b0-51d2-ae3b44159777",
			"headers": "Accept: application/json\nAuthorization: Bearer {{ingestorToken}}\ntenant: {{tenant}}\nContent-Type: application/json\n",
			"url": "https://apm-timeseries-services-prod.apm-api.predix.com/v2/time_series",
			"preRequestScript": null,
			"pathVariables": {},
			"method": "POST",
			"data": [],
			"dataMode": "raw",
			"tests": null,
			"currentHelper": "normal",
			"helperAttributes": {},
			"time": 1481326165669,
			"name": "TimeseriesUpload",
			"description": "",
			"collectionId": "d7a9a78d-b89d-e6b9-0068-1898079e34d2",
			"responses": [],
			"rawModeData": "{\r\n  \"tags\": [\r\n    {\r\n      \"tagId\": \"ARTICULATING-TRUCK1.CABFLHYDRAULICLINE_AT1\",\r\n      \"data\": [\r\n        {\r\n          \"ts\": \"2016-10-22T08:03:25.117-0700\",\r\n          \"v\": \"255\",\r\n          \"q\": \"3\"\r\n        },\r\n        {\r\n          \"ts\": \"2016-10-22T08:04:25.118-0700\",\r\n          \"v\": \"255\",\r\n          \"q\": \"3\"\r\n        },\r\n                {\r\n          \"ts\": \"2016-10-22T08:05:25.117-0700\",\r\n          \"v\": \"255\",\r\n          \"q\": \"3\"\r\n        },\r\n                {\r\n          \"ts\": \"2016-10-22T08:06:25.117-0700\",\r\n          \"v\": \"255\",\r\n          \"q\": \"3\"\r\n        },\r\n                {\r\n          \"ts\": \"2016-10-22T08:07:25.117-0700\",\r\n          \"v\": \"255\",\r\n          \"q\": \"3\"\r\n        },\r\n                {\r\n          \"ts\": \"2016-10-22T08:08:25.117-0700\",\r\n          \"v\": \"400\",\r\n          \"q\": \"3\"\r\n        },\r\n                {\r\n          \"ts\": \"2016-10-22T08:09:25.117-0700\",\r\n          \"v\": \"400\",\r\n          \"q\": \"3\"\r\n        },\r\n                {\r\n          \"ts\": \"2016-10-22T08:10:25.117-0700\",\r\n          \"v\": \"255\",\r\n          \"q\": \"3\"\r\n        }\r\n       ]\r\n    },\r\n    {\r\n      \"tagId\": \"ARTICULATING-TRUCK1.CABFRHYDRAULICLINE2_AT1\",\r\n      \"data\": [\r\n        {\r\n          \"ts\": \"2016-10-22T08:03:25.117-0700\",\r\n          \"v\": \"255\",\r\n          \"q\": \"3\"\r\n        },\r\n        {\r\n          \"ts\": \"2016-10-22T08:04:25.118-0700\",\r\n          \"v\": \"255\",\r\n          \"q\": \"3\"\r\n        },\r\n                {\r\n          \"ts\": \"2016-10-22T08:05:25.117-0700\",\r\n          \"v\": \"255\",\r\n          \"q\": \"3\"\r\n        },\r\n                {\r\n          \"ts\": \"2016-10-22T08:06:25.117-0700\",\r\n          \"v\": \"255\",\r\n          \"q\": \"3\"\r\n        },\r\n                {\r\n          \"ts\": \"2016-10-22T08:07:25.117-0700\",\r\n          \"v\": \"255\",\r\n          \"q\": \"3\"\r\n        },\r\n                {\r\n          \"ts\": \"2016-10-22T08:08:25.117-0700\",\r\n          \"v\": \"255\",\r\n          \"q\": \"3\"\r\n        },\r\n                {\r\n          \"ts\": \"2016-10-22T08:09:25.117-0700\",\r\n          \"v\": \"255\",\r\n          \"q\": \"3\"\r\n        },\r\n                {\r\n          \"ts\": \"2016-10-22T08:10:25.117-0700\",\r\n          \"v\": \"255\",\r\n          \"q\": \"3\"\r\n        }\r\n       ]\r\n    },\r\n        {\r\n      \"tagId\": \"ARTICULATING-TRUCK1.TIREPRESSUREBEDFR_AT1\",\r\n      \"data\": [\r\n        {\r\n          \"ts\": \"2016-10-22T08:03:25.117-0700\",\r\n          \"v\": \"448\",\r\n          \"q\": \"3\"\r\n        },\r\n        {\r\n          \"ts\": \"2016-10-22T08:04:25.118-0700\",\r\n          \"v\": \"448\",\r\n          \"q\": \"3\"\r\n        },\r\n                {\r\n          \"ts\": \"2016-10-22T08:05:25.117-0700\",\r\n          \"v\": \"300\",\r\n          \"q\": \"3\"\r\n        },\r\n                {\r\n          \"ts\": \"2016-10-22T08:06:25.117-0700\",\r\n          \"v\": \"300\",\r\n          \"q\": \"3\"\r\n        },\r\n                {\r\n          \"ts\": \"2016-10-22T08:07:25.117-0700\",\r\n          \"v\": \"448\",\r\n          \"q\": \"3\"\r\n        },\r\n                {\r\n          \"ts\": \"2016-10-22T08:08:25.117-0700\",\r\n          \"v\": \"448\",\r\n          \"q\": \"3\"\r\n        },\r\n                {\r\n          \"ts\": \"2016-10-22T08:09:25.117-0700\",\r\n          \"v\": \"448\",\r\n          \"q\": \"3\"\r\n        },\r\n                {\r\n          \"ts\": \"2016-10-22T08:10:25.117-0700\",\r\n          \"v\": \"488\",\r\n          \"q\": \"3\"\r\n        }\r\n       ]\r\n    },\r\n       {\r\n      \"tagId\": \"ARTICULATING-TRUCK1.TIREPRESSURE_BEDBR_AT1\",\r\n      \"data\": [\r\n        {\r\n          \"ts\": \"2016-10-22T08:03:25.117-0700\",\r\n          \"v\": \"448\",\r\n          \"q\": \"3\"\r\n        },\r\n        {\r\n          \"ts\": \"2016-10-22T08:04:25.118-0700\",\r\n          \"v\": \"448\",\r\n          \"q\": \"3\"\r\n        },\r\n                {\r\n          \"ts\": \"2016-10-22T08:05:25.117-0700\",\r\n          \"v\": \"0\",\r\n          \"q\": \"3\"\r\n        },\r\n                {\r\n          \"ts\": \"2016-10-22T08:06:25.117-0700\",\r\n          \"v\": \"15\",\r\n          \"q\": \"3\"\r\n        },\r\n                {\r\n          \"ts\": \"2016-10-22T08:07:25.117-0700\",\r\n          \"v\": \"448\",\r\n          \"q\": \"3\"\r\n        },\r\n                {\r\n          \"ts\": \"2016-10-22T08:08:25.117-0700\",\r\n          \"v\": \"448\",\r\n          \"q\": \"3\"\r\n        },\r\n                {\r\n          \"ts\": \"2016-10-22T08:09:25.117-0700\",\r\n          \"v\": \"448\",\r\n          \"q\": \"3\"\r\n        },\r\n                {\r\n          \"ts\": \"2016-10-22T08:10:25.117-0700\",\r\n          \"v\": \"488\",\r\n          \"q\": \"3\"\r\n        }\r\n       ]\r\n    }\r\n]\r\n}\r\n"
		},
		{
			"id": "e23e5481-a32d-fe10-4fee-b39a7ebfad10",
			"headers": "Authorization: Bearer {{ingestorToken}}\ntenant: {{tenant}}\nContent-Type: application/json\n",
			"url": "https://apm-template-prod.apm-api.predix.com/v1/apmProfile/forms",
			"pathVariables": {},
			"preRequestScript": null,
			"method": "POST",
			"collectionId": "d7a9a78d-b89d-e6b9-0068-1898079e34d2",
			"data": [],
			"dataMode": "raw",
			"name": "Create Custom Case Form",
			"description": "",
			"descriptionFormat": "html",
			"time": 1484850626559,
			"version": 2,
			"responses": [],
			"tests": null,
			"currentHelper": "normal",
			"helperAttributes": {},
			"rawModeData": "    {\r\n      \"name\": \"STUDENT80-TMS Example\",\r\n      \"description\": \"STUDENT80-TMS Example\",\r\n      \"applicationId\": \"CASES\",\r\n      \"formViews\": [\r\n        {\r\n          \"viewType\": \"EDIT\",\r\n          \"htmlView\": \"<div class=\\\"create-template test-class-2\\\"><div style=\\\"padding-top:10px; padding-bottom:10px; padding-left:10px; padding-right:10px\\\"><div class=\\\"flex flex--row\\\"><div class=\\\"flex__item\\\"><div style=\\\"margin-right:20px; width:33%\\\" class=\\\"btn-group\\\" id=\\\"e003\\\" uib-dropdown><label for=\\\"e003\\\"></label><button style=\\\"width:100%;text-align: left;height:32px;position:relative;padding-left:5px;\\\" class=\\\"btn dropdown-toggle\\\" uib-dropdown-toggle></button><ul style=\\\"margin-left: 0; width: 100%;\\\" role=\\\"menu\\\" class=\\\"dropdown-menu form-dropdown-list\\\" uib-dropdown-menu><li style=\\\"font-size: 14px; border-top: 1px solid lightgray; min-height:2em;\\\" role=\\\"menuitem\\\" class=\\\"form-dropdown-list-item\\\">{{o}}</li></ul></div></div></div><div class=\\\"flex flex--row\\\"><div class=\\\"flex__item\\\"><div style=\\\"margin-right:20px; width:33%\\\" class=\\\"btn-group\\\" id=\\\"e004\\\" uib-dropdown><label for=\\\"e004\\\"></label><button style=\\\"width:100%;text-align: left;height:32px;position:relative;padding-left:5px;\\\" class=\\\"btn dropdown-toggle\\\" uib-dropdown-toggle></button><ul style=\\\"margin-left: 0; width: 100%;\\\" role=\\\"menu\\\" class=\\\"dropdown-menu form-dropdown-list\\\" uib-dropdown-menu><li style=\\\"font-size: 14px; border-top: 1px solid lightgray; min-height:2em;\\\" role=\\\"menuitem\\\" class=\\\"form-dropdown-list-item\\\">{{o}}</li></ul></div></div></div></div></div>\"\r\n        }\r\n      ],\r\n      \"fields\": [\r\n        {\r\n          \"name\": \"Priority\",\r\n          \"fieldType\": \"UIB_DROP_DOWN\",\r\n          \"fieldValueType\": \"TEXT\",\r\n          \"fieldLabel\": \"Priority\",\r\n          \"defaultValue\": \"At First Opportunity\",\r\n          \"htmlElementId\": \"e003\",\r\n          \"fieldConfiguration\": \"{\\\"POSSIBLE_VALUES\\\":[ \\\"At First Opportunity\\\",\\\"At Next Part Exposure\\\",\\\"Immediately (Stop Required)\\\",\\\"NULL\\\"]}\",\r\n          \"configurationMap\": {\r\n            \"POSSIBLE_VALUES\": [\r\n              \"At First Opportunity\",\"At Next Part Exposure\",\"Immediately (Stop Required)\",\"NULL\"\r\n            ]\r\n          }\r\n        },\r\n        {\r\n          \"name\": \"Anomaly category\",\r\n          \"fieldType\": \"UIB_DROP_DOWN\",\r\n          \"fieldValueType\": \"TEXT\",\r\n          \"fieldLabel\": \"Anomaly category\",\r\n          \"defaultValue\": \"Rotordyn./Vib.\",\r\n          \"htmlElementId\": \"e004\",\r\n          \"fieldConfiguration\": \"{\\\"POSSIBLE_VALUES\\\":[\\\"Rotordyn./Vib.\\\",\\\"Performance\\\",\\\"Encl. Temp.\\\", \\\"Instr. Failure\\\",\\\"Data Quality\\\",\\\"Control Logic\\\",\\\"Auxiliary\\\",\\\"Lubrication\\\",\\\"Combustion\\\",\\\"Dry Gas Seals\\\",\\\"Actuation/Mechanical\\\",\\\"Leakages\\\",\\\"Filters\\\",\\\"Other\\\"]}\",\r\n          \"configurationMap\": {\r\n            \"POSSIBLE_VALUES\": [\"Rotordyn./Vib.\",\"Performance\",\"Encl. Temp.\",\"Instr. Failure\",\"Data Quality\",\"Control Logic\",\"Auxiliary\",\"Lubrication\",\r\n              \"Combustion\",\"Dry Gas Seals\",\"Actuation/Mechanical\",\"Leakages\",\"Filters\",\"Other\"\r\n            ]\r\n          }\r\n        }\r\n      ],\r\n      \"formType\": \"TEMPLATE\"\r\n    }"
		},
		{
			"id": "f0693bd4-381f-ce25-c914-df1a69de10b6",
			"headers": "Accept: application/json\nAuthorization: Bearer {{ingestorToken}}\ntenant: {{tenant}}\nContent-Type: application/json\n",
			"url": "https://apm-timeseries-services-prod.apm-api.predix.com/v2/time_series?operation=raw&tagList=STUDENT60-NIGHTSLEEPER-01.TIRE-PRESSURE-FR&startTime=2016-01-22T08:03:25.000Z&endTime=2017-01-22T08:06:25.000Z&responseFormat=Proficy&sampleCount=100",
			"preRequestScript": null,
			"pathVariables": {},
			"method": "GET",
			"data": [],
			"dataMode": "raw",
			"version": 2,
			"tests": null,
			"currentHelper": "normal",
			"helperAttributes": {},
			"time": 1481572256416,
			"name": "queryIngestionData",
			"description": "",
			"collectionId": "d7a9a78d-b89d-e6b9-0068-1898079e34d2",
			"responses": [],
			"rawModeData": "{\r\n  \"tags\": [\r\n    {\r\n      \"tagId\": \"ARTICULATING-TRUCK1.CabFLHydraulicline1_AT1\",\r\n      \"data\": [\r\n        {\r\n          \"ts\": \"2016-10-22T08:03:25.117-0700\",\r\n          \"v\": \"255\",\r\n          \"q\": \"3\"\r\n        },\r\n        {\r\n          \"ts\": \"2016-10-22T08:04:25.118-0700\",\r\n          \"v\": \"255\",\r\n          \"q\": \"3\"\r\n        },\r\n                {\r\n          \"ts\": \"2016-10-22T08:05:25.117-0700\",\r\n          \"v\": \"255\",\r\n          \"q\": \"3\"\r\n        },\r\n                {\r\n          \"ts\": \"2016-10-22T08:06:25.117-0700\",\r\n          \"v\": \"255\",\r\n          \"q\": \"3\"\r\n        },\r\n                {\r\n          \"ts\": \"2016-10-22T08:07:25.117-0700\",\r\n          \"v\": \"255\",\r\n          \"q\": \"3\"\r\n        },\r\n                {\r\n          \"ts\": \"2016-10-22T08:08:25.117-0700\",\r\n          \"v\": \"400\",\r\n          \"q\": \"3\"\r\n        },\r\n                {\r\n          \"ts\": \"2016-10-22T08:09:25.117-0700\",\r\n          \"v\": \"400\",\r\n          \"q\": \"3\"\r\n        },\r\n                {\r\n          \"ts\": \"2016-10-22T08:10:25.117-0700\",\r\n          \"v\": \"255\",\r\n          \"q\": \"3\"\r\n        }\r\n       ]\r\n    },\r\n    {\r\n      \"tagId\": \"ARTICULATING-TRUCK1.CABFRHYDRAULICLINE2_AT1\",\r\n      \"data\": [\r\n        {\r\n          \"ts\": \"2016-10-22T08:03:25.117-0700\",\r\n          \"v\": \"255\",\r\n          \"q\": \"3\"\r\n        },\r\n        {\r\n          \"ts\": \"2016-10-22T08:04:25.118-0700\",\r\n          \"v\": \"255\",\r\n          \"q\": \"3\"\r\n        },\r\n                {\r\n          \"ts\": \"2016-10-22T08:05:25.117-0700\",\r\n          \"v\": \"255\",\r\n          \"q\": \"3\"\r\n        },\r\n                {\r\n          \"ts\": \"2016-10-22T08:06:25.117-0700\",\r\n          \"v\": \"255\",\r\n          \"q\": \"3\"\r\n        },\r\n                {\r\n          \"ts\": \"2016-10-22T08:07:25.117-0700\",\r\n          \"v\": \"255\",\r\n          \"q\": \"3\"\r\n        },\r\n                {\r\n          \"ts\": \"2016-10-22T08:08:25.117-0700\",\r\n          \"v\": \"255\",\r\n          \"q\": \"3\"\r\n        },\r\n                {\r\n          \"ts\": \"2016-10-22T08:09:25.117-0700\",\r\n          \"v\": \"255\",\r\n          \"q\": \"3\"\r\n        },\r\n                {\r\n          \"ts\": \"2016-10-22T08:10:25.117-0700\",\r\n          \"v\": \"255\",\r\n          \"q\": \"3\"\r\n        }\r\n       ]\r\n    },\r\n        {\r\n      \"tagId\": \"ARTICULATING-TRUCK1.TIREPRESSUREBEDFR_AT1\",\r\n      \"data\": [\r\n        {\r\n          \"ts\": \"2016-10-22T08:03:25.117-0700\",\r\n          \"v\": \"448\",\r\n          \"q\": \"3\"\r\n        },\r\n        {\r\n          \"ts\": \"2016-10-22T08:04:25.118-0700\",\r\n          \"v\": \"448\",\r\n          \"q\": \"3\"\r\n        },\r\n                {\r\n          \"ts\": \"2016-10-22T08:05:25.117-0700\",\r\n          \"v\": \"300\",\r\n          \"q\": \"3\"\r\n        },\r\n                {\r\n          \"ts\": \"2016-10-22T08:06:25.117-0700\",\r\n          \"v\": \"300\",\r\n          \"q\": \"3\"\r\n        },\r\n                {\r\n          \"ts\": \"2016-10-22T08:07:25.117-0700\",\r\n          \"v\": \"448\",\r\n          \"q\": \"3\"\r\n        },\r\n                {\r\n          \"ts\": \"2016-10-22T08:08:25.117-0700\",\r\n          \"v\": \"448\",\r\n          \"q\": \"3\"\r\n        },\r\n                {\r\n          \"ts\": \"2016-10-22T08:09:25.117-0700\",\r\n          \"v\": \"448\",\r\n          \"q\": \"3\"\r\n        },\r\n                {\r\n          \"ts\": \"2016-10-22T08:10:25.117-0700\",\r\n          \"v\": \"488\",\r\n          \"q\": \"3\"\r\n        }\r\n       ]\r\n    },\r\n       {\r\n      \"tagId\": \"ARTICULATING-TRUCK1.TIREPRESSURE_BEDBR_AT1\",\r\n      \"data\": [\r\n        {\r\n          \"ts\": \"2016-10-22T08:03:25.117-0700\",\r\n          \"v\": \"448\",\r\n          \"q\": \"3\"\r\n        },\r\n        {\r\n          \"ts\": \"2016-10-22T08:04:25.118-0700\",\r\n          \"v\": \"448\",\r\n          \"q\": \"3\"\r\n        },\r\n                {\r\n          \"ts\": \"2016-10-22T08:05:25.117-0700\",\r\n          \"v\": \"0\",\r\n          \"q\": \"3\"\r\n        },\r\n                {\r\n          \"ts\": \"2016-10-22T08:06:25.117-0700\",\r\n          \"v\": \"15\",\r\n          \"q\": \"3\"\r\n        },\r\n                {\r\n          \"ts\": \"2016-10-22T08:07:25.117-0700\",\r\n          \"v\": \"448\",\r\n          \"q\": \"3\"\r\n        },\r\n                {\r\n          \"ts\": \"2016-10-22T08:08:25.117-0700\",\r\n          \"v\": \"448\",\r\n          \"q\": \"3\"\r\n        },\r\n                {\r\n          \"ts\": \"2016-10-22T08:09:25.117-0700\",\r\n          \"v\": \"448\",\r\n          \"q\": \"3\"\r\n        },\r\n                {\r\n          \"ts\": \"2016-10-22T08:10:25.117-0700\",\r\n          \"v\": \"488\",\r\n          \"q\": \"3\"\r\n        }\r\n       ]\r\n    }\r\n]\r\n}\r\n"
		}
	]
}