{
	"id": "d7a9a78d-b89d-e6b9-0068-1898079e34d2",
	"name": "APMPROD",
	"description": "",
	"order": [
		"bd69d49a-9e50-204a-5344-aee5127dae06",
		"3cbddefc-e4c8-dab2-3134-ef6fa07415a9",
		"3980c6ed-9f45-2c47-0d5c-21f0b0952e80",
		"f0693bd4-381f-ce25-c914-df1a69de10b6",
		"dc4adea7-1eb7-a7b0-51d2-ae3b44159777"
	],
	"folders": [],
	"timestamp": 1481324896514,
	"owner": "1185400",
	"public": false,
	"requests": [
		{
			"id": "3980c6ed-9f45-2c47-0d5c-21f0b0952e80",
			"headers": "tenant: {{tenant}}\nAuthorization: Bearer {{ingestorToken}}\n",
			"url": "https://apm-adapter-config-provider-prod.apm-api.predix.com/v1/tasks/{{taskID}}",
			"preRequestScript": null,
			"pathVariables": {},
			"method": "GET",
			"data": [],
			"dataMode": "params",
			"tests": null,
			"currentHelper": "normal",
			"helperAttributes": {},
			"time": 1481325983945,
			"name": "TrackStatus",
			"description": "",
			"collectionId": "d7a9a78d-b89d-e6b9-0068-1898079e34d2",
			"responses": []
		},
		{
			"id": "3cbddefc-e4c8-dab2-3134-ef6fa07415a9",
			"headers": "Accept: application/json\nAuthorization: Bearer {{ingestorToken}}\ntenant: {{tenant}}\n",
			"url": "https://apm-s95-adapter-prod.apm-api.predix.com/v1/asset/upload",
			"preRequestScript": null,
			"pathVariables": {},
			"method": "POST",
			"data": [
				{
					"key": "file",
					"type": "file",
					"enabled": true,
					"value": ""
				}
			],
			"dataMode": "params",
			"tests": null,
			"currentHelper": "normal",
			"helperAttributes": {},
			"time": 1481326105319,
			"name": "IngestionUpload",
			"description": "",
			"collectionId": "d7a9a78d-b89d-e6b9-0068-1898079e34d2",
			"responses": []
		},
		{
			"id": "bd69d49a-9e50-204a-5344-aee5127dae06",
			"headers": "Authorization: Basic aW5nZXN0b3IuY2VlNWI0NWYtZDMwOS00ODk4LWE1YTItOTEyYzMwMjk2NTc4LmNjMzM2N2E1LTdkOTItNDFlZi05MDE3LWIwNjA4OGNiNWI4MTo=\n",
			"url": "{{baseUrl}}/oauth/token",
			"preRequestScript": null,
			"pathVariables": {},
			"method": "POST",
			"data": [
				{
					"key": "grant_type",
					"value": "password",
					"type": "text",
					"enabled": true,
					"warning": ""
				},
				{
					"key": "username",
					"value": "fecbeab9-ec9a-43e4-a860-42e0a316d8b5_ingestor",
					"type": "text",
					"enabled": true,
					"warning": ""
				},
				{
					"key": "password",
					"value": "Pr3d!xtrain",
					"type": "text",
					"enabled": true,
					"warning": ""
				}
			],
			"dataMode": "urlencoded",
			"tests": null,
			"currentHelper": "normal",
			"helperAttributes": {},
			"time": 1481573049128,
			"name": "GetIngestionToken",
			"description": "",
			"collectionId": "d7a9a78d-b89d-e6b9-0068-1898079e34d2",
			"responses": []
		},
		{
			"id": "dc4adea7-1eb7-a7b0-51d2-ae3b44159777",
			"headers": "Accept: application/json\nAuthorization: Bearer {{ingestorToken}}\ntenant: {{tenant}}\nContent-Type: application/json\n",
			"url": "https://apm-timeseries-services-prod.apm-api.predix.com/v2/time_series",
			"preRequestScript": null,
			"pathVariables": {},
			"method": "POST",
			"data": [],
			"dataMode": "raw",
			"tests": null,
			"currentHelper": "normal",
			"helperAttributes": {},
			"time": 1481326165669,
			"name": "TimeseriesUpload copy",
			"description": "",
			"collectionId": "d7a9a78d-b89d-e6b9-0068-1898079e34d2",
			"responses": [],
			"rawModeData": "{\r\n  \"tags\": [\r\n    {\r\n      \"tagId\": \"ARTICULATING-TRUCK1.CABFLHYDRAULICLINE_AT1\",\r\n      \"data\": [\r\n        {\r\n          \"ts\": \"2016-10-22T08:03:25.117-0700\",\r\n          \"v\": \"255\",\r\n          \"q\": \"3\"\r\n        },\r\n        {\r\n          \"ts\": \"2016-10-22T08:04:25.118-0700\",\r\n          \"v\": \"255\",\r\n          \"q\": \"3\"\r\n        },\r\n                {\r\n          \"ts\": \"2016-10-22T08:05:25.117-0700\",\r\n          \"v\": \"255\",\r\n          \"q\": \"3\"\r\n        },\r\n                {\r\n          \"ts\": \"2016-10-22T08:06:25.117-0700\",\r\n          \"v\": \"255\",\r\n          \"q\": \"3\"\r\n        },\r\n                {\r\n          \"ts\": \"2016-10-22T08:07:25.117-0700\",\r\n          \"v\": \"255\",\r\n          \"q\": \"3\"\r\n        },\r\n                {\r\n          \"ts\": \"2016-10-22T08:08:25.117-0700\",\r\n          \"v\": \"400\",\r\n          \"q\": \"3\"\r\n        },\r\n                {\r\n          \"ts\": \"2016-10-22T08:09:25.117-0700\",\r\n          \"v\": \"400\",\r\n          \"q\": \"3\"\r\n        },\r\n                {\r\n          \"ts\": \"2016-10-22T08:10:25.117-0700\",\r\n          \"v\": \"255\",\r\n          \"q\": \"3\"\r\n        }\r\n       ]\r\n    },\r\n    {\r\n      \"tagId\": \"ARTICULATING-TRUCK1.CABFRHYDRAULICLINE2_AT1\",\r\n      \"data\": [\r\n        {\r\n          \"ts\": \"2016-10-22T08:03:25.117-0700\",\r\n          \"v\": \"255\",\r\n          \"q\": \"3\"\r\n        },\r\n        {\r\n          \"ts\": \"2016-10-22T08:04:25.118-0700\",\r\n          \"v\": \"255\",\r\n          \"q\": \"3\"\r\n        },\r\n                {\r\n          \"ts\": \"2016-10-22T08:05:25.117-0700\",\r\n          \"v\": \"255\",\r\n          \"q\": \"3\"\r\n        },\r\n                {\r\n          \"ts\": \"2016-10-22T08:06:25.117-0700\",\r\n          \"v\": \"255\",\r\n          \"q\": \"3\"\r\n        },\r\n                {\r\n          \"ts\": \"2016-10-22T08:07:25.117-0700\",\r\n          \"v\": \"255\",\r\n          \"q\": \"3\"\r\n        },\r\n                {\r\n          \"ts\": \"2016-10-22T08:08:25.117-0700\",\r\n          \"v\": \"255\",\r\n          \"q\": \"3\"\r\n        },\r\n                {\r\n          \"ts\": \"2016-10-22T08:09:25.117-0700\",\r\n          \"v\": \"255\",\r\n          \"q\": \"3\"\r\n        },\r\n                {\r\n          \"ts\": \"2016-10-22T08:10:25.117-0700\",\r\n          \"v\": \"255\",\r\n          \"q\": \"3\"\r\n        }\r\n       ]\r\n    },\r\n        {\r\n      \"tagId\": \"ARTICULATING-TRUCK1.TIREPRESSUREBEDFR_AT1\",\r\n      \"data\": [\r\n        {\r\n          \"ts\": \"2016-10-22T08:03:25.117-0700\",\r\n          \"v\": \"448\",\r\n          \"q\": \"3\"\r\n        },\r\n        {\r\n          \"ts\": \"2016-10-22T08:04:25.118-0700\",\r\n          \"v\": \"448\",\r\n          \"q\": \"3\"\r\n        },\r\n                {\r\n          \"ts\": \"2016-10-22T08:05:25.117-0700\",\r\n          \"v\": \"300\",\r\n          \"q\": \"3\"\r\n        },\r\n                {\r\n          \"ts\": \"2016-10-22T08:06:25.117-0700\",\r\n          \"v\": \"300\",\r\n          \"q\": \"3\"\r\n        },\r\n                {\r\n          \"ts\": \"2016-10-22T08:07:25.117-0700\",\r\n          \"v\": \"448\",\r\n          \"q\": \"3\"\r\n        },\r\n                {\r\n          \"ts\": \"2016-10-22T08:08:25.117-0700\",\r\n          \"v\": \"448\",\r\n          \"q\": \"3\"\r\n        },\r\n                {\r\n          \"ts\": \"2016-10-22T08:09:25.117-0700\",\r\n          \"v\": \"448\",\r\n          \"q\": \"3\"\r\n        },\r\n                {\r\n          \"ts\": \"2016-10-22T08:10:25.117-0700\",\r\n          \"v\": \"488\",\r\n          \"q\": \"3\"\r\n        }\r\n       ]\r\n    },\r\n       {\r\n      \"tagId\": \"ARTICULATING-TRUCK1.TIREPRESSURE_BEDBR_AT1\",\r\n      \"data\": [\r\n        {\r\n          \"ts\": \"2016-10-22T08:03:25.117-0700\",\r\n          \"v\": \"448\",\r\n          \"q\": \"3\"\r\n        },\r\n        {\r\n          \"ts\": \"2016-10-22T08:04:25.118-0700\",\r\n          \"v\": \"448\",\r\n          \"q\": \"3\"\r\n        },\r\n                {\r\n          \"ts\": \"2016-10-22T08:05:25.117-0700\",\r\n          \"v\": \"0\",\r\n          \"q\": \"3\"\r\n        },\r\n                {\r\n          \"ts\": \"2016-10-22T08:06:25.117-0700\",\r\n          \"v\": \"15\",\r\n          \"q\": \"3\"\r\n        },\r\n                {\r\n          \"ts\": \"2016-10-22T08:07:25.117-0700\",\r\n          \"v\": \"448\",\r\n          \"q\": \"3\"\r\n        },\r\n                {\r\n          \"ts\": \"2016-10-22T08:08:25.117-0700\",\r\n          \"v\": \"448\",\r\n          \"q\": \"3\"\r\n        },\r\n                {\r\n          \"ts\": \"2016-10-22T08:09:25.117-0700\",\r\n          \"v\": \"448\",\r\n          \"q\": \"3\"\r\n        },\r\n                {\r\n          \"ts\": \"2016-10-22T08:10:25.117-0700\",\r\n          \"v\": \"488\",\r\n          \"q\": \"3\"\r\n        }\r\n       ]\r\n    }\r\n]\r\n}\r\n"
		},
		{
			"id": "f0693bd4-381f-ce25-c914-df1a69de10b6",
			"headers": "Accept: application/json\nAuthorization: Bearer {{ingestorToken}}\ntenant: {{tenant}}\nContent-Type: application/json\n",
			"url": "https://apm-timeseries-services-prod.apm-api.predix.com/v2/time_series?operation=raw&tagList=STUDENT60-NIGHTSLEEPER-01.TIRE-PRESSURE-FR&startTime=2016-01-22T08:03:25.000Z&endTime=2017-01-22T08:06:25.000Z&responseFormat=Proficy&sampleCount=100",
			"preRequestScript": null,
			"pathVariables": {},
			"method": "GET",
			"data": [],
			"dataMode": "raw",
			"version": 2,
			"tests": null,
			"currentHelper": "normal",
			"helperAttributes": {},
			"time": 1481572256416,
			"name": "queryIngestionData",
			"description": "",
			"collectionId": "d7a9a78d-b89d-e6b9-0068-1898079e34d2",
			"responses": [],
			"rawModeData": "{\r\n  \"tags\": [\r\n    {\r\n      \"tagId\": \"ARTICULATING-TRUCK1.CabFLHydraulicline1_AT1\",\r\n      \"data\": [\r\n        {\r\n          \"ts\": \"2016-10-22T08:03:25.117-0700\",\r\n          \"v\": \"255\",\r\n          \"q\": \"3\"\r\n        },\r\n        {\r\n          \"ts\": \"2016-10-22T08:04:25.118-0700\",\r\n          \"v\": \"255\",\r\n          \"q\": \"3\"\r\n        },\r\n                {\r\n          \"ts\": \"2016-10-22T08:05:25.117-0700\",\r\n          \"v\": \"255\",\r\n          \"q\": \"3\"\r\n        },\r\n                {\r\n          \"ts\": \"2016-10-22T08:06:25.117-0700\",\r\n          \"v\": \"255\",\r\n          \"q\": \"3\"\r\n        },\r\n                {\r\n          \"ts\": \"2016-10-22T08:07:25.117-0700\",\r\n          \"v\": \"255\",\r\n          \"q\": \"3\"\r\n        },\r\n                {\r\n          \"ts\": \"2016-10-22T08:08:25.117-0700\",\r\n          \"v\": \"400\",\r\n          \"q\": \"3\"\r\n        },\r\n                {\r\n          \"ts\": \"2016-10-22T08:09:25.117-0700\",\r\n          \"v\": \"400\",\r\n          \"q\": \"3\"\r\n        },\r\n                {\r\n          \"ts\": \"2016-10-22T08:10:25.117-0700\",\r\n          \"v\": \"255\",\r\n          \"q\": \"3\"\r\n        }\r\n       ]\r\n    },\r\n    {\r\n      \"tagId\": \"ARTICULATING-TRUCK1.CABFRHYDRAULICLINE2_AT1\",\r\n      \"data\": [\r\n        {\r\n          \"ts\": \"2016-10-22T08:03:25.117-0700\",\r\n          \"v\": \"255\",\r\n          \"q\": \"3\"\r\n        },\r\n        {\r\n          \"ts\": \"2016-10-22T08:04:25.118-0700\",\r\n          \"v\": \"255\",\r\n          \"q\": \"3\"\r\n        },\r\n                {\r\n          \"ts\": \"2016-10-22T08:05:25.117-0700\",\r\n          \"v\": \"255\",\r\n          \"q\": \"3\"\r\n        },\r\n                {\r\n          \"ts\": \"2016-10-22T08:06:25.117-0700\",\r\n          \"v\": \"255\",\r\n          \"q\": \"3\"\r\n        },\r\n                {\r\n          \"ts\": \"2016-10-22T08:07:25.117-0700\",\r\n          \"v\": \"255\",\r\n          \"q\": \"3\"\r\n        },\r\n                {\r\n          \"ts\": \"2016-10-22T08:08:25.117-0700\",\r\n          \"v\": \"255\",\r\n          \"q\": \"3\"\r\n        },\r\n                {\r\n          \"ts\": \"2016-10-22T08:09:25.117-0700\",\r\n          \"v\": \"255\",\r\n          \"q\": \"3\"\r\n        },\r\n                {\r\n          \"ts\": \"2016-10-22T08:10:25.117-0700\",\r\n          \"v\": \"255\",\r\n          \"q\": \"3\"\r\n        }\r\n       ]\r\n    },\r\n        {\r\n      \"tagId\": \"ARTICULATING-TRUCK1.TIREPRESSUREBEDFR_AT1\",\r\n      \"data\": [\r\n        {\r\n          \"ts\": \"2016-10-22T08:03:25.117-0700\",\r\n          \"v\": \"448\",\r\n          \"q\": \"3\"\r\n        },\r\n        {\r\n          \"ts\": \"2016-10-22T08:04:25.118-0700\",\r\n          \"v\": \"448\",\r\n          \"q\": \"3\"\r\n        },\r\n                {\r\n          \"ts\": \"2016-10-22T08:05:25.117-0700\",\r\n          \"v\": \"300\",\r\n          \"q\": \"3\"\r\n        },\r\n                {\r\n          \"ts\": \"2016-10-22T08:06:25.117-0700\",\r\n          \"v\": \"300\",\r\n          \"q\": \"3\"\r\n        },\r\n                {\r\n          \"ts\": \"2016-10-22T08:07:25.117-0700\",\r\n          \"v\": \"448\",\r\n          \"q\": \"3\"\r\n        },\r\n                {\r\n          \"ts\": \"2016-10-22T08:08:25.117-0700\",\r\n          \"v\": \"448\",\r\n          \"q\": \"3\"\r\n        },\r\n                {\r\n          \"ts\": \"2016-10-22T08:09:25.117-0700\",\r\n          \"v\": \"448\",\r\n          \"q\": \"3\"\r\n        },\r\n                {\r\n          \"ts\": \"2016-10-22T08:10:25.117-0700\",\r\n          \"v\": \"488\",\r\n          \"q\": \"3\"\r\n        }\r\n       ]\r\n    },\r\n       {\r\n      \"tagId\": \"ARTICULATING-TRUCK1.TIREPRESSURE_BEDBR_AT1\",\r\n      \"data\": [\r\n        {\r\n          \"ts\": \"2016-10-22T08:03:25.117-0700\",\r\n          \"v\": \"448\",\r\n          \"q\": \"3\"\r\n        },\r\n        {\r\n          \"ts\": \"2016-10-22T08:04:25.118-0700\",\r\n          \"v\": \"448\",\r\n          \"q\": \"3\"\r\n        },\r\n                {\r\n          \"ts\": \"2016-10-22T08:05:25.117-0700\",\r\n          \"v\": \"0\",\r\n          \"q\": \"3\"\r\n        },\r\n                {\r\n          \"ts\": \"2016-10-22T08:06:25.117-0700\",\r\n          \"v\": \"15\",\r\n          \"q\": \"3\"\r\n        },\r\n                {\r\n          \"ts\": \"2016-10-22T08:07:25.117-0700\",\r\n          \"v\": \"448\",\r\n          \"q\": \"3\"\r\n        },\r\n                {\r\n          \"ts\": \"2016-10-22T08:08:25.117-0700\",\r\n          \"v\": \"448\",\r\n          \"q\": \"3\"\r\n        },\r\n                {\r\n          \"ts\": \"2016-10-22T08:09:25.117-0700\",\r\n          \"v\": \"448\",\r\n          \"q\": \"3\"\r\n        },\r\n                {\r\n          \"ts\": \"2016-10-22T08:10:25.117-0700\",\r\n          \"v\": \"488\",\r\n          \"q\": \"3\"\r\n        }\r\n       ]\r\n    }\r\n]\r\n}\r\n"
		}
	]
}