{
  "tags": [
    {
      "tagId": "<YOURNAME>-DAYCAB-01.HYDRAULIC-LIFTGATE-RIGHT",
      "data": [
        {
          "ts": "2016-10-22T08:00:25.117-0700",
          "v": "270",
          "q": "3"
        },
        {
          "ts": "2016-10-22T12:04:25.118-0700",
          "v": "270",
          "q": "3"
        },
                {
          "ts": "2016-10-22T17:05:25.117-0700",
          "v": "270",
          "q": "3"
        },
          {
          "ts": "2016-10-23T08:00:25.117-0700",
          "v": "350",
          "q": "3"
        },
        {
          "ts": "2016-10-23T12:04:25.118-0700",
          "v": "270",
          "q": "3"
        },
                {
          "ts": "2016-10-23T17:05:25.117-0700",
          "v": "255",
          "q": "3"
        },
                {
          "ts": "2016-10-24T08:00:25.117-0700",
          "v": "255",
          "q": "3"
        },
        {
          "ts": "2016-10-24T12:04:25.118-0700",
          "v": "280",
          "q": "3"
        },
                {
          "ts": "2016-10-24T17:05:25.117-0700",
          "v": "400",
          "q": "3"
        },
                {
          "ts": "2016-10-25T08:00:25.117-0700",
          "v": "0",
          "q": "3"
        },
        {
          "ts": "2016-10-25T12:04:25.118-0700",
          "v": "0",
          "q": "3"
        },
                {
          "ts": "2016-10-25T17:05:25.117-0700",
          "v": "270",
          "q": "3"
        },
                {
          "ts": "2016-10-26T08:00:25.117-0700",
          "v": "270",
          "q": "3"
        },
        {
          "ts": "2016-10-26T12:04:25.118-0700",
          "v": "400",
          "q": "3"
        },
                {
          "ts": "2016-10-26T17:05:25.117-0700",
          "v": "230",
          "q": "3"
        },
                {
          "ts": "2016-10-27T08:00:25.117-0700",
          "v": "230",
          "q": "3"
        },
        {
          "ts": "2016-10-27T12:04:25.118-0700",
          "v": "280",
          "q": "3"
        },
                {
          "ts": "2016-10-27T17:05:25.117-0700",
          "v": "280",
          "q": "3"
        },
                {
          "ts": "2016-10-28T08:00:25.117-0700",
          "v": "270",
          "q": "3"
        },
        {
          "ts": "2016-10-28T12:04:25.118-0700",
          "v": "255",
          "q": "3"
        },
                {
          "ts": "2016-10-28T17:05:25.117-0700",
          "v": "255",
          "q": "3"
        },
                {
          "ts": "2016-10-29T08:00:25.117-0700",
          "v": "255",
          "q": "3"
        },
        {
          "ts": "2016-10-29T12:04:25.118-0700",
          "v": "255",
          "q": "3"
        },
                {
          "ts": "2016-10-29T17:05:25.117-0700",
          "v": "255",
          "q": "3"
        },
                {
          "ts": "2016-10-30T08:00:25.117-0700",
          "v": "255",
          "q": "3"
        },
        {
          "ts": "2016-10-30T12:04:25.118-0700",
          "v": "255",
          "q": "3"
        },
                {
          "ts": "2016-10-30T17:05:25.117-0700",
          "v": "255",
          "q": "3"
        },
                {
          "ts": "2016-10-31T08:00:25.117-0700",
          "v": "100",
          "q": "3"
        },
        {
          "ts": "2016-10-31T12:04:25.118-0700",
          "v": "75",
          "q": "3"
        },
                {
          "ts": "2016-10-31T17:05:25.117-0700",
          "v": "255",
          "q": "3"
        },
                {
          "ts": "2016-11-01T08:00:25.117-0700",
          "v": "255",
          "q": "3"
        },
        {
          "ts": "2016-11-02T12:04:25.118-0700",
          "v": "255",
          "q": "3"
        },
                {
          "ts": "2016-11-02T17:05:25.117-0700",
          "v": "0",
          "q": "3"
        },
                {
          "ts": "2016-11-03T08:00:25.117-0700",
          "v": "0",
          "q": "3"
        },
        {
          "ts": "2016-11-03T12:04:25.118-0700",
          "v": "255",
          "q": "3"
        },
                {
          "ts": "2016-11-03T17:05:25.117-0700",
          "v": "255",
          "q": "3"
        },
                {
          "ts": "2016-11-04T08:00:25.117-0700",
          "v": "255",
          "q": "3"
        },
        {
          "ts": "2016-11-04T12:04:25.118-0700",
          "v": "255",
          "q": "3"
        },
                {
          "ts": "2016-11-04T17:05:25.117-0700",
          "v": "270",
          "q": "3"
        },
                {
          "ts": "2016-11-05T08:00:25.117-0700",
          "v": "255",
          "q": "3"
        },
        {
          "ts": "2016-11-05T12:04:25.118-0700",
          "v": "255",
          "q": "3"
        },
                {
          "ts": "2016-11-05T17:05:25.117-0700",
          "v": "255",
          "q": "3"
        },
                {
          "ts": "2016-11-06T08:00:25.117-0700",
          "v": "255",
          "q": "3"
        },
        {
          "ts": "2016-11-06T12:04:25.118-0700",
          "v": "255",
          "q": "3"
        },
                {
          "ts": "2016-11-06T17:05:25.117-0700",
          "v": "255",
          "q": "3"
        }
       ]
    },
    {
      "tagId": "<YOURNAME>-DAYCAB-01.HYDRAULIC-LIFTGATE-LEFT",
      "data": [
        {
          "ts": "2016-10-22T08:00:25.117-0700",
          "v": "255",
          "q": "3"
        },
        {
          "ts": "2016-10-22T12:04:25.118-0700",
          "v": "255",
          "q": "3"
        },
                {
          "ts": "2016-10-22T17:05:25.117-0700",
          "v": "255",
          "q": "3"
        },
          {
          "ts": "2016-10-23T08:00:25.117-0700",
          "v": "255",
          "q": "3"
        },
        {
          "ts": "2016-10-23T12:04:25.118-0700",
          "v": "255",
          "q": "3"
        },
                {
          "ts": "2016-10-23T17:05:25.117-0700",
          "v": "255",
          "q": "3"
        },
                {
          "ts": "2016-10-24T08:00:25.117-0700",
          "v": "255",
          "q": "3"
        },
        {
          "ts": "2016-10-24T12:04:25.118-0700",
          "v": "255",
          "q": "3"
        },
                {
          "ts": "2016-10-24T17:05:25.117-0700",
          "v": "255",
          "q": "3"
        },
                {
          "ts": "2016-10-25T08:00:25.117-0700",
          "v": "255",
          "q": "3"
        },
        {
          "ts": "2016-10-25T12:04:25.118-0700",
          "v": "255",
          "q": "3"
        },
                {
          "ts": "2016-10-25T17:05:25.117-0700",
          "v": "255",
          "q": "3"
        },
                {
          "ts": "2016-10-26T08:00:25.117-0700",
          "v": "255",
          "q": "3"
        },
        {
          "ts": "2016-10-26T12:04:25.118-0700",
          "v": "255",
          "q": "3"
        },
                {
          "ts": "2016-10-26T17:05:25.117-0700",
          "v": "255",
          "q": "3"
        },
                {
          "ts": "2016-10-27T08:00:25.117-0700",
          "v": "255",
          "q": "3"
        },
        {
          "ts": "2016-10-27T12:04:25.118-0700",
          "v": "255",
          "q": "3"
        },
                {
          "ts": "2016-10-27T17:05:25.117-0700",
          "v": "255",
          "q": "3"
        },
                {
          "ts": "2016-10-28T08:00:25.117-0700",
          "v": "255",
          "q": "3"
        },
        {
          "ts": "2016-10-28T12:04:25.118-0700",
          "v": "255",
          "q": "3"
        },
                {
          "ts": "2016-10-28T17:05:25.117-0700",
          "v": "255",
          "q": "3"
        },
                {
          "ts": "2016-10-29T08:00:25.117-0700",
          "v": "255",
          "q": "3"
        },
        {
          "ts": "2016-10-29T12:04:25.118-0700",
          "v": "255",
          "q": "3"
        },
                {
          "ts": "2016-10-29T17:05:25.117-0700",
          "v": "255",
          "q": "3"
        },
                {
          "ts": "2016-10-30T08:00:25.117-0700",
          "v": "255",
          "q": "3"
        },
        {
          "ts": "2016-10-30T12:04:25.118-0700",
          "v": "255",
          "q": "3"
        },
                {
          "ts": "2016-10-30T17:05:25.117-0700",
          "v": "255",
          "q": "3"
        },
                {
          "ts": "2016-10-31T08:00:25.117-0700",
          "v": "255",
          "q": "3"
        },
        {
          "ts": "2016-10-31T12:04:25.118-0700",
          "v": "255",
          "q": "3"
        },
                {
          "ts": "2016-10-31T17:05:25.117-0700",
          "v": "255",
          "q": "3"
        },
                {
          "ts": "2016-11-01T08:00:25.117-0700",
          "v": "255",
          "q": "3"
        },
        {
          "ts": "2016-11-02T12:04:25.118-0700",
          "v": "255",
          "q": "3"
        },
                {
          "ts": "2016-11-02T17:05:25.117-0700",
          "v": "0",
          "q": "3"
        },
                {
          "ts": "2016-11-03T08:00:25.117-0700",
          "v": "0",
          "q": "3"
        },
        {
          "ts": "2016-11-03T12:04:25.118-0700",
          "v": "255",
          "q": "3"
        },
                {
          "ts": "2016-11-03T17:05:25.117-0700",
          "v": "255",
          "q": "3"
        },
                {
          "ts": "2016-11-04T08:00:25.117-0700",
          "v": "255",
          "q": "3"
        },
        {
          "ts": "2016-11-04T12:04:25.118-0700",
          "v": "255",
          "q": "3"
        },
                {
          "ts": "2016-11-04T17:05:25.117-0700",
          "v": "255",
          "q": "3"
        },
                {
          "ts": "2016-11-05T08:00:25.117-0700",
          "v": "255",
          "q": "3"
        },
        {
          "ts": "2016-11-05T12:04:25.118-0700",
          "v": "255",
          "q": "3"
        },
                {
          "ts": "2016-11-05T17:05:25.117-0700",
          "v": "255",
          "q": "3"
        },
                {
          "ts": "2016-11-06T08:00:25.117-0700",
          "v": "255",
          "q": "3"
        },
        {
          "ts": "2016-11-06T12:04:25.118-0700",
          "v": "255",
          "q": "3"
        },
                {
          "ts": "2016-11-06T17:05:25.117-0700",
          "v": "255",
          "q": "3"
        }
       ]
    },
        {
      "tagId": "<YOURNAME>-DAYCAB-01.TIRE-PRESSURE-FL",
      "data": [
                {
          "ts": "2016-10-22T08:00:25.117-0700",
          "v": "440",
          "q": "3"
        },
        {
          "ts": "2016-10-22T12:04:25.118-0700",
          "v": "465",
          "q": "3"
        },
                {
          "ts": "2016-10-22T17:05:25.117-0700",
          "v": "458",
          "q": "3"
        },
          {
          "ts": "2016-10-23T08:00:25.117-0700",
          "v": "420",
          "q": "3"
        },
        {
          "ts": "2016-10-23T12:04:25.118-0700",
          "v": "460",
          "q": "3"
        },
                {
          "ts": "2016-10-23T17:05:25.117-0700",
          "v": "0",
          "q": "3"
        },
                {
          "ts": "2016-10-24T08:00:25.117-0700",
          "v": "435",
          "q": "3"
        },
        {
          "ts": "2016-10-24T12:04:25.118-0700",
          "v": "445",
          "q": "3"
        },
                {
          "ts": "2016-10-24T17:05:25.117-0700",
          "v": "445",
          "q": "3"
        },
                {
          "ts": "2016-10-25T08:00:25.117-0700",
          "v": "440",
          "q": "3"
        },
        {
          "ts": "2016-10-25T12:04:25.118-0700",
          "v": "464",
          "q": "3"
        },
                {
          "ts": "2016-10-25T17:05:25.117-0700",
          "v": "420",
          "q": "3"
        },
                {
          "ts": "2016-10-26T08:00:25.117-0700",
          "v": "470",
          "q": "3"
        },
        {
          "ts": "2016-10-26T12:04:25.118-0700",
          "v": "0",
          "q": "3"
        },
                {
          "ts": "2016-10-26T17:05:25.117-0700",
          "v": "0",
          "q": "3"
        },
                {
          "ts": "2016-10-27T08:00:25.117-0700",
          "v": "0",
          "q": "3"
        },
        {
          "ts": "2016-10-27T12:04:25.118-0700",
          "v": "450",
          "q": "3"
        },
                {
          "ts": "2016-10-27T17:05:25.117-0700",
          "v": "450",
          "q": "3"
        },
                {
          "ts": "2016-10-28T08:00:25.117-0700",
          "v": "435",
          "q": "3"
        },
        {
          "ts": "2016-10-28T12:04:25.118-0700",
          "v": "445",
          "q": "3"
        },
                {
          "ts": "2016-10-28T17:05:25.117-0700",
          "v": "440",
          "q": "3"
        },
                {
          "ts": "2016-10-29T08:00:25.117-0700",
          "v": "390",
          "q": "3"
        },
        {
          "ts": "2016-10-29T12:04:25.118-0700",
          "v": "420",
          "q": "3"
        },
                {
          "ts": "2016-10-29T17:05:25.117-0700",
          "v": "415",
          "q": "3"
        },
                {
          "ts": "2016-10-30T08:00:25.117-0700",
          "v": "400",
          "q": "3"
        },
        {
          "ts": "2016-10-30T12:04:25.118-0700",
          "v": "400",
          "q": "3"
        },
                {
          "ts": "2016-10-30T17:05:25.117-0700",
          "v": "385",
          "q": "3"
        },
                {
          "ts": "2016-10-31T08:00:25.117-0700",
          "v": "398",
          "q": "3"
        },
        {
          "ts": "2016-10-31T12:04:25.118-0700",
          "v": "385",
          "q": "3"
        },
                {
          "ts": "2016-10-31T17:05:25.117-0700",
          "v": "380",
          "q": "3"
        },
                {
          "ts": "2016-11-01T08:00:25.117-0700",
          "v": "0",
          "q": "3"
        },
        {
          "ts": "2016-11-02T12:04:25.118-0700",
          "v": "0",
          "q": "3"
        },
                {
          "ts": "2016-11-02T17:05:25.117-0700",
          "v": "450",
          "q": "3"
        },
                {
          "ts": "2016-11-03T08:00:25.117-0700",
          "v": "440",
          "q": "3"
        },
        {
          "ts": "2016-11-03T12:04:25.118-0700",
          "v": "440",
          "q": "3"
        },
                {
          "ts": "2016-11-03T17:05:25.117-0700",
          "v": "440",
          "q": "3"
        },
                {
          "ts": "2016-11-04T08:00:25.117-0700",
          "v": "430",
          "q": "3"
        },
        {
          "ts": "2016-11-04T12:04:25.118-0700",
          "v": "440",
          "q": "3"
        },
                {
          "ts": "2016-11-04T17:05:25.117-0700",
          "v": "455",
          "q": "3"
        },
                {
          "ts": "2016-11-05T08:00:25.117-0700",
          "v": "450",
          "q": "3"
        },
        {
          "ts": "2016-11-05T12:04:25.118-0700",
          "v": "450",
          "q": "3"
        },
                {
          "ts": "2016-11-05T17:05:25.117-0700",
          "v": "420",
          "q": "3"
        },
                {
          "ts": "2016-11-06T08:00:25.117-0700",
          "v": "390",
          "q": "3"
        },
        {
          "ts": "2016-11-06T12:04:25.118-0700",
          "v": "430",
          "q": "3"
        },
                {
          "ts": "2016-11-06T17:05:25.117-0700",
          "v": "475",
          "q": "3"
        }
       ]
    },
            {
      "tagId": "<YOURNAME>-DAYCAB-01.TIRE-PRESSURE-FR",
      "data": [
        {
          "ts": "2016-10-22T08:00:25.117-0700",
          "v": "420",
          "q": "3"
        },
        {
          "ts": "2016-10-22T12:04:25.118-0700",
          "v": "415",
          "q": "3"
        },
                {
          "ts": "2016-10-22T17:05:25.117-0700",
          "v": "420",
          "q": "3"
        },
          {
          "ts": "2016-10-23T08:00:25.117-0700",
          "v": "440",
          "q": "3"
        },
        {
          "ts": "2016-10-23T12:04:25.118-0700",
          "v": "440",
          "q": "3"
        },
                {
          "ts": "2016-10-23T17:05:25.117-0700",
          "v": "0",
          "q": "3"
        },
                {
          "ts": "2016-10-24T08:00:25.117-0700",
          "v": "455",
          "q": "3"
        },
        {
          "ts": "2016-10-24T12:04:25.118-0700",
          "v": "455",
          "q": "3"
        },
                {
          "ts": "2016-10-24T17:05:25.117-0700",
          "v": "460",
          "q": "3"
        },
                {
          "ts": "2016-10-25T08:00:25.117-0700",
          "v": "460",
          "q": "3"
        },
        {
          "ts": "2016-10-25T12:04:25.118-0700",
          "v": "470",
          "q": "3"
        },
                {
          "ts": "2016-10-25T17:05:25.117-0700",
          "v": "460",
          "q": "3"
        },
                {
          "ts": "2016-10-26T08:00:25.117-0700",
          "v": "420",
          "q": "3"
        },
        {
          "ts": "2016-10-26T12:04:25.118-0700",
          "v": "420",
          "q": "3"
        },
                {
          "ts": "2016-10-26T17:05:25.117-0700",
          "v": "440",
          "q": "3"
        },
                {
          "ts": "2016-10-27T08:00:25.117-0700",
          "v": "200",
          "q": "3"
        },
        {
          "ts": "2016-10-27T12:04:25.118-0700",
          "v": "200",
          "q": "3"
        },
                {
          "ts": "2016-10-27T17:05:25.117-0700",
          "v": "440",
          "q": "3"
        },
                {
          "ts": "2016-10-28T08:00:25.117-0700",
          "v": "450",
          "q": "3"
        },
        {
          "ts": "2016-10-28T12:04:25.118-0700",
          "v": "460",
          "q": "3"
        },
                {
          "ts": "2016-10-28T17:05:25.117-0700",
          "v": "460",
          "q": "3"
        },
                {
          "ts": "2016-10-29T08:00:25.117-0700",
          "v": "445",
          "q": "3"
        },
        {
          "ts": "2016-10-29T12:04:25.118-0700",
          "v": "445",
          "q": "3"
        },
                {
          "ts": "2016-10-29T17:05:25.117-0700",
          "v": "460",
          "q": "3"
        },
                {
          "ts": "2016-10-30T08:00:25.117-0700",
          "v": "440",
          "q": "3"
        },
        {
          "ts": "2016-10-30T12:04:25.118-0700",
          "v": "420",
          "q": "3"
        },
                {
          "ts": "2016-10-30T17:05:25.117-0700",
          "v": "400",
          "q": "3"
        },
                {
          "ts": "2016-10-31T08:00:25.117-0700",
          "v": "410",
          "q": "3"
        },
        {
          "ts": "2016-10-31T12:04:25.118-0700",
          "v": "360",
          "q": "3"
        },
                {
          "ts": "2016-10-31T17:05:25.117-0700",
          "v": "380",
          "q": "3"
        },
                {
          "ts": "2016-11-01T08:00:25.117-0700",
          "v": "300",
          "q": "3"
        },
        {
          "ts": "2016-11-02T12:04:25.118-0700",
          "v": "390",
          "q": "3"
        },
                {
          "ts": "2016-11-02T17:05:25.117-0700",
          "v": "450",
          "q": "3"
        },
                {
          "ts": "2016-11-03T08:00:25.117-0700",
          "v": "460",
          "q": "3"
        },
        {
          "ts": "2016-11-03T12:04:25.118-0700",
          "v": "460",
          "q": "3"
        },
                {
          "ts": "2016-11-03T17:05:25.117-0700",
          "v": "455",
          "q": "3"
        },
                {
          "ts": "2016-11-04T08:00:25.117-0700",
          "v": "445",
          "q": "3"
        },
        {
          "ts": "2016-11-04T12:04:25.118-0700",
          "v": "420",
          "q": "3"
        },
                {
          "ts": "2016-11-04T17:05:25.117-0700",
          "v": "420",
          "q": "3"
        },
                {
          "ts": "2016-11-05T08:00:25.117-0700",
          "v": "430",
          "q": "3"
        },
        {
          "ts": "2016-11-05T12:04:25.118-0700",
          "v": "435",
          "q": "3"
        },
                {
          "ts": "2016-11-05T17:05:25.117-0700",
          "v": "440",
          "q": "3"
        },
                {
          "ts": "2016-11-06T08:00:25.117-0700",
          "v": "450",
          "q": "3"
        },
        {
          "ts": "2016-11-06T12:04:25.118-0700",
          "v": "150",
          "q": "3"
        },
                {
          "ts": "2016-11-06T17:05:25.117-0700",
          "v": "182",
          "q": "3"
        }
       ]
    },
        {
      "tagId": "<YOURNAME>-DAYCAB-01.TIRE-PRESSURE-BL",
      "data": [
                {
          "ts": "2016-10-22T08:00:25.117-0700",
          "v": "430",
          "q": "3"
        },
        {
          "ts": "2016-10-22T12:04:25.118-0700",
          "v": "455",
          "q": "3"
        },
                {
          "ts": "2016-10-22T17:05:25.117-0700",
          "v": "438",
          "q": "3"
        },
          {
          "ts": "2016-10-23T08:00:25.117-0700",
          "v": "450",
          "q": "3"
        },
        {
          "ts": "2016-10-23T12:04:25.118-0700",
          "v": "190",
          "q": "3"
        },
                {
          "ts": "2016-10-23T17:05:25.117-0700",
          "v": "190",
          "q": "3"
        },
                {
          "ts": "2016-10-24T08:00:25.117-0700",
          "v": "465",
          "q": "3"
        },
        {
          "ts": "2016-10-24T12:04:25.118-0700",
          "v": "475",
          "q": "3"
        },
                {
          "ts": "2016-10-24T17:05:25.117-0700",
          "v": "450",
          "q": "3"
        },
                {
          "ts": "2016-10-25T08:00:25.117-0700",
          "v": "440",
          "q": "3"
        },
        {
          "ts": "2016-10-25T12:04:25.118-0700",
          "v": "420",
          "q": "3"
        },
                {
          "ts": "2016-10-25T17:05:25.117-0700",
          "v": "460",
          "q": "3"
        },
                {
          "ts": "2016-10-26T08:00:25.117-0700",
          "v": "420",
          "q": "3"
        },
        {
          "ts": "2016-10-26T12:04:25.118-0700",
          "v": "0",
          "q": "3"
        },
                {
          "ts": "2016-10-26T17:05:25.117-0700",
          "v": "455",
          "q": "3"
        },
                {
          "ts": "2016-10-27T08:00:25.117-0700",
          "v": "430",
          "q": "3"
        },
        {
          "ts": "2016-10-27T12:04:25.118-0700",
          "v": "430",
          "q": "3"
        },
                {
          "ts": "2016-10-27T17:05:25.117-0700",
          "v": "200",
          "q": "3"
        },
                {
          "ts": "2016-10-28T08:00:25.117-0700",
          "v": "200",
          "q": "3"
        },
        {
          "ts": "2016-10-28T12:04:25.118-0700",
          "v": "180",
          "q": "3"
        },
                {
          "ts": "2016-10-28T17:05:25.117-0700",
          "v": "170",
          "q": "3"
        },
                {
          "ts": "2016-10-29T08:00:25.117-0700",
          "v": "140",
          "q": "3"
        },
        {
          "ts": "2016-10-29T12:04:25.118-0700",
          "v": "115",
          "q": "3"
        },
                {
          "ts": "2016-10-29T17:05:25.117-0700",
          "v": "455",
          "q": "3"
        },
                {
          "ts": "2016-10-30T08:00:25.117-0700",
          "v": "455",
          "q": "3"
        },
        {
          "ts": "2016-10-30T12:04:25.118-0700",
          "v": "455",
          "q": "3"
        },
                {
          "ts": "2016-10-30T17:05:25.117-0700",
          "v": "465",
          "q": "3"
        },
                {
          "ts": "2016-10-31T08:00:25.117-0700",
          "v": "460",
          "q": "3"
        },
        {
          "ts": "2016-10-31T12:04:25.118-0700",
          "v": "450",
          "q": "3"
        },
                {
          "ts": "2016-10-31T17:05:25.117-0700",
          "v": "455",
          "q": "3"
        },
                {
          "ts": "2016-11-01T08:00:25.117-0700",
          "v": "460",
          "q": "3"
        },
        {
          "ts": "2016-11-02T12:04:25.118-0700",
          "v": "480",
          "q": "3"
        },
                {
          "ts": "2016-11-02T17:05:25.117-0700",
          "v": "430",
          "q": "3"
        },
                {
          "ts": "2016-11-03T08:00:25.117-0700",
          "v": "420",
          "q": "3"
        },
        {
          "ts": "2016-11-03T12:04:25.118-0700",
          "v": "440",
          "q": "3"
        },
                {
          "ts": "2016-11-03T17:05:25.117-0700",
          "v": "420",
          "q": "3"
        },
                {
          "ts": "2016-11-04T08:00:25.117-0700",
          "v": "455",
          "q": "3"
        },
        {
          "ts": "2016-11-04T12:04:25.118-0700",
          "v": "460",
          "q": "3"
        },
                {
          "ts": "2016-11-04T17:05:25.117-0700",
          "v": "460",
          "q": "3"
        },
                {
          "ts": "2016-11-05T08:00:25.117-0700",
          "v": "450",
          "q": "3"
        },
        {
          "ts": "2016-11-05T12:04:25.118-0700",
          "v": "430",
          "q": "3"
        },
                {
          "ts": "2016-11-05T17:05:25.117-0700",
          "v": "430",
          "q": "3"
        },
                {
          "ts": "2016-11-06T08:00:25.117-0700",
          "v": "400",
          "q": "3"
        },
        {
          "ts": "2016-11-06T12:04:25.118-0700",
          "v": "410",
          "q": "3"
        },
                {
          "ts": "2016-11-06T17:05:25.117-0700",
          "v": "445",
          "q": "3"
        }
       ]
    },
       {
      "tagId": "<YOURNAME>-DAYCAB-01.TIRE-PRESSURE-BR",
      "data": [
                        {
          "ts": "2016-10-22T08:00:25.117-0700",
          "v": "450",
          "q": "3"
        },
        {
          "ts": "2016-10-22T12:04:25.118-0700",
          "v": "455",
          "q": "3"
        },
                {
          "ts": "2016-10-22T17:05:25.117-0700",
          "v": "460",
          "q": "3"
        },
          {
          "ts": "2016-10-23T08:00:25.117-0700",
          "v": "450",
          "q": "3"
        },
        {
          "ts": "2016-10-23T12:04:25.118-0700",
          "v": "460",
          "q": "3"
        },
                {
          "ts": "2016-10-23T17:05:25.117-0700",
          "v": "462",
          "q": "3"
        },
                {
          "ts": "2016-10-24T08:00:25.117-0700",
          "v": "440",
          "q": "3"
        },
        {
          "ts": "2016-10-24T12:04:25.118-0700",
          "v": "450",
          "q": "3"
        },
                {
          "ts": "2016-10-24T17:05:25.117-0700",
          "v": "455",
          "q": "3"
        },
                {
          "ts": "2016-10-25T08:00:25.117-0700",
          "v": "440",
          "q": "3"
        },
        {
          "ts": "2016-10-25T12:04:25.118-0700",
          "v": "450",
          "q": "3"
        },
                {
          "ts": "2016-10-25T17:05:25.117-0700",
          "v": "456",
          "q": "3"
        },
                {
          "ts": "2016-10-26T08:00:25.117-0700",
          "v": "440",
          "q": "3"
        },
        {
          "ts": "2016-10-26T12:04:25.118-0700",
          "v": "447",
          "q": "3"
        },
                {
          "ts": "2016-10-26T17:05:25.117-0700",
          "v": "453",
          "q": "3"
        },
                {
          "ts": "2016-10-27T08:00:25.117-0700",
          "v": "450",
          "q": "3"
        },
        {
          "ts": "2016-10-27T12:04:25.118-0700",
          "v": "458",
          "q": "3"
        },
                {
          "ts": "2016-10-27T17:05:25.117-0700",
          "v": "469",
          "q": "3"
        },
                {
          "ts": "2016-10-28T08:00:25.117-0700",
          "v": "449",
          "q": "3"
        },
        {
          "ts": "2016-10-28T12:04:25.118-0700",
          "v": "465",
          "q": "3"
        },
                {
          "ts": "2016-10-28T17:05:25.117-0700",
          "v": "470",
          "q": "3"
        },
                {
          "ts": "2016-10-29T08:00:25.117-0700",
          "v": "430",
          "q": "3"
        },
        {
          "ts": "2016-10-29T12:04:25.118-0700",
          "v": "430",
          "q": "3"
        },
                {
          "ts": "2016-10-29T17:05:25.117-0700",
          "v": "430",
          "q": "3"
        },
                {
          "ts": "2016-10-30T08:00:25.117-0700",
          "v": "430",
          "q": "3"
        },
        {
          "ts": "2016-10-30T12:04:25.118-0700",
          "v": "430",
          "q": "3"
        },
                {
          "ts": "2016-10-30T17:05:25.117-0700",
          "v": "430",
          "q": "3"
        },
                {
          "ts": "2016-10-31T08:00:25.117-0700",
          "v": "430",
          "q": "3"
        },
        {
          "ts": "2016-10-31T12:04:25.118-0700",
          "v": "430",
          "q": "3"
        },
                {
          "ts": "2016-10-31T17:05:25.117-0700",
          "v": "430",
          "q": "3"
        },
                {
          "ts": "2016-11-01T08:00:25.117-0700",
          "v": "426",
          "q": "3"
        },
        {
          "ts": "2016-11-02T12:04:25.118-0700",
          "v": "440",
          "q": "3"
        },
                {
          "ts": "2016-11-02T17:05:25.117-0700",
          "v": "448",
          "q": "3"
        },
                {
          "ts": "2016-11-03T08:00:25.117-0700",
          "v": "442",
          "q": "3"
        },
        {
          "ts": "2016-11-03T12:04:25.118-0700",
          "v": "448",
          "q": "3"
        },
                {
          "ts": "2016-11-03T17:05:25.117-0700",
          "v": "452",
          "q": "3"
        },
                {
          "ts": "2016-11-04T08:00:25.117-0700",
          "v": "440",
          "q": "3"
        },
        {
          "ts": "2016-11-04T12:04:25.118-0700",
          "v": "452",
          "q": "3"
        },
                {
          "ts": "2016-11-04T17:05:25.117-0700",
          "v": "462",
          "q": "3"
        },
                {
          "ts": "2016-11-05T08:00:25.117-0700",
          "v": "430",
          "q": "3"
        },
        {
          "ts": "2016-11-05T12:04:25.118-0700",
          "v": "447",
          "q": "3"
        },
                {
          "ts": "2016-11-05T17:05:25.117-0700",
          "v": "450",
          "q": "3"
        },
                {
          "ts": "2016-11-06T08:00:25.117-0700",
          "v": "445",
          "q": "3"
        },
        {
          "ts": "2016-11-06T12:04:25.118-0700",
          "v": "450",
          "q": "3"
        },
                {
          "ts": "2016-11-06T17:05:25.117-0700",
          "v": "460",
          "q": "3"
        }
       ]
      },
       {
      "tagId": "<YOURNAME>-DAYCAB-01.FUEL-LEVEL",
      "data": [
                        {
          "ts": "2016-10-22T08:00:25.117-0700",
          "v": "300",
          "q": "3"
        },
        {
          "ts": "2016-10-22T12:04:25.118-0700",
          "v": "280",
          "q": "3"
        },
                {
          "ts": "2016-10-22T17:05:25.117-0700",
          "v": "270",
          "q": "3"
        },
          {
          "ts": "2016-10-23T08:00:25.117-0700",
          "v": "180",
          "q": "3"
        },
        {
          "ts": "2016-10-23T12:04:25.118-0700",
          "v": "120",
          "q": "3"
        },
                {
          "ts": "2016-10-23T17:05:25.117-0700",
          "v": "100",
          "q": "3"
        },
                {
          "ts": "2016-10-24T08:00:25.117-0700",
          "v": "60",
          "q": "3"
        },
        {
          "ts": "2016-10-24T12:04:25.118-0700",
          "v": "300",
          "q": "3"
        },
                {
          "ts": "2016-10-24T17:05:25.117-0700",
          "v": "260",
          "q": "3"
        },
                {
          "ts": "2016-10-25T08:00:25.117-0700",
          "v": "100",
          "q": "3"
        },
        {
          "ts": "2016-10-25T12:04:25.118-0700",
          "v": "112",
          "q": "3"
        },
                {
          "ts": "2016-10-25T17:05:25.117-0700",
          "v": "115",
          "q": "3"
        },
                {
          "ts": "2016-10-26T08:00:25.117-0700",
          "v": "60",
          "q": "3"
        },
        {
          "ts": "2016-10-26T12:04:25.118-0700",
          "v": "60",
          "q": "3"
        },
                {
          "ts": "2016-10-26T17:05:25.117-0700",
          "v": "100",
          "q": "3"
        },
                {
          "ts": "2016-10-27T08:00:25.117-0700",
          "v": "40",
          "q": "3"
        },
        {
          "ts": "2016-10-27T12:04:25.118-0700",
          "v": "300",
          "q": "3"
        },
                {
          "ts": "2016-10-27T17:05:25.117-0700",
          "v": "280",
          "q": "3"
        },
                {
          "ts": "2016-10-28T08:00:25.117-0700",
          "v": "220",
          "q": "3"
        },
        {
          "ts": "2016-10-28T12:04:25.118-0700",
          "v": "198",
          "q": "3"
        },
                {
          "ts": "2016-10-28T17:05:25.117-0700",
          "v": "115",
          "q": "3"
        },
                {
          "ts": "2016-10-29T08:00:25.117-0700",
          "v": "60",
          "q": "3"
        },
        {
          "ts": "2016-10-29T12:04:25.118-0700",
          "v": "280",
          "q": "3"
        },
                {
          "ts": "2016-10-29T17:05:25.117-0700",
          "v": "240",
          "q": "3"
        },
                {
          "ts": "2016-10-30T08:00:25.117-0700",
          "v": "200",
          "q": "3"
        },
        {
          "ts": "2016-10-30T12:04:25.118-0700",
          "v": "174",
          "q": "3"
        },
                {
          "ts": "2016-10-30T17:05:25.117-0700",
          "v": "300",
          "q": "3"
        },
                {
          "ts": "2016-10-31T08:00:25.117-0700",
          "v": "280",
          "q": "3"
        },
        {
          "ts": "2016-10-31T12:04:25.118-0700",
          "v": "220",
          "q": "3"
        },
                {
          "ts": "2016-10-31T17:05:25.117-0700",
          "v": "98",
          "q": "3"
        },
                {
          "ts": "2016-11-01T08:00:25.117-0700",
          "v": "40",
          "q": "3"
        },
        {
          "ts": "2016-11-02T12:04:25.118-0700",
          "v": "270",
          "q": "3"
        },
                {
          "ts": "2016-11-02T17:05:25.117-0700",
          "v": "250",
          "q": "3"
        },
                {
          "ts": "2016-11-03T08:00:25.117-0700",
          "v": "230",
          "q": "3"
        },
        {
          "ts": "2016-11-03T12:04:25.118-0700",
          "v": "300",
          "q": "3"
        },
                {
          "ts": "2016-11-03T17:05:25.117-0700",
          "v": "248",
          "q": "3"
        },
                {
          "ts": "2016-11-04T08:00:25.117-0700",
          "v": "219",
          "q": "3"
        },
        {
          "ts": "2016-11-04T12:04:25.118-0700",
          "v": "180",
          "q": "3"
        },
                {
          "ts": "2016-11-04T17:05:25.117-0700",
          "v": "160",
          "q": "3"
        },
                {
          "ts": "2016-11-05T08:00:25.117-0700",
          "v": "114",
          "q": "3"
        },
        {
          "ts": "2016-11-05T12:04:25.118-0700",
          "v": "98",
          "q": "3"
        },
                {
          "ts": "2016-11-05T17:05:25.117-0700",
          "v": "40",
          "q": "3"
        },
                {
          "ts": "2016-11-06T08:00:25.117-0700",
          "v": "300",
          "q": "3"
        },
        {
          "ts": "2016-11-06T12:04:25.118-0700",
          "v": "279",
          "q": "3"
        },
                {
          "ts": "2016-11-06T17:05:25.117-0700",
          "v": "232",
          "q": "3"
        }
       ]
    },
    {
      "tagId": "<YOURNAME>-DAYCAB-01.COOLANTTEMP",
      "data": [
                        {
          "ts": "2016-10-22T08:00:25.117-0700",
          "v": "40",
          "q": "3"
        },
        {
          "ts": "2016-10-22T12:04:25.118-0700",
          "v": "105",
          "q": "3"
        },
                {
          "ts": "2016-10-22T17:05:25.117-0700",
          "v": "115",
          "q": "3"
        },
          {
          "ts": "2016-10-23T08:00:25.117-0700",
          "v": "200",
          "q": "3"
        },
        {
          "ts": "2016-10-23T12:04:25.118-0700",
          "v": "45",
          "q": "3"
        },
                {
          "ts": "2016-10-23T17:05:25.117-0700",
          "v": "110",
          "q": "3"
        },
                {
          "ts": "2016-10-24T08:00:25.117-0700",
          "v": "115",
          "q": "3"
        },
        {
          "ts": "2016-10-24T12:04:25.118-0700",
          "v": "112",
          "q": "3"
        },
                {
          "ts": "2016-10-24T17:05:25.117-0700",
          "v": "112",
          "q": "3"
        },
                {
          "ts": "2016-10-25T08:00:25.117-0700",
          "v": "52",
          "q": "3"
        },
        {
          "ts": "2016-10-25T12:04:25.118-0700",
          "v": "112",
          "q": "3"
        },
                {
          "ts": "2016-10-25T17:05:25.117-0700",
          "v": "115",
          "q": "3"
        },
                {
          "ts": "2016-10-26T08:00:25.117-0700",
          "v": "60",
          "q": "3"
        },
        {
          "ts": "2016-10-26T12:04:25.118-0700",
          "v": "60",
          "q": "3"
        },
                {
          "ts": "2016-10-26T17:05:25.117-0700",
          "v": "100",
          "q": "3"
        },
                {
          "ts": "2016-10-27T08:00:25.117-0700",
          "v": "112",
          "q": "3"
        },
        {
          "ts": "2016-10-27T12:04:25.118-0700",
          "v": "115",
          "q": "3"
        },
                {
          "ts": "2016-10-27T17:05:25.117-0700",
          "v": "115",
          "q": "3"
        },
                {
          "ts": "2016-10-28T08:00:25.117-0700",
          "v": "60",
          "q": "3"
        },
        {
          "ts": "2016-10-28T12:04:25.118-0700",
          "v": "112",
          "q": "3"
        },
                {
          "ts": "2016-10-28T17:05:25.117-0700",
          "v": "115",
          "q": "3"
        },
                {
          "ts": "2016-10-29T08:00:25.117-0700",
          "v": "60",
          "q": "3"
        },
        {
          "ts": "2016-10-29T12:04:25.118-0700",
          "v": "112",
          "q": "3"
        },
                {
          "ts": "2016-10-29T17:05:25.117-0700",
          "v": "130",
          "q": "3"
        },
                {
          "ts": "2016-10-30T08:00:25.117-0700",
          "v": "60",
          "q": "3"
        },
        {
          "ts": "2016-10-30T12:04:25.118-0700",
          "v": "112",
          "q": "3"
        },
                {
          "ts": "2016-10-30T17:05:25.117-0700",
          "v": "112",
          "q": "3"
        },
                {
          "ts": "2016-10-31T08:00:25.117-0700",
          "v": "112",
          "q": "3"
        },
        {
          "ts": "2016-10-31T12:04:25.118-0700",
          "v": "112",
          "q": "3"
        },
                {
          "ts": "2016-10-31T17:05:25.117-0700",
          "v": "110",
          "q": "3"
        },
                {
          "ts": "2016-11-01T08:00:25.117-0700",
          "v": "110",
          "q": "3"
        },
        {
          "ts": "2016-11-02T12:04:25.118-0700",
          "v": "110",
          "q": "3"
        },
                {
          "ts": "2016-11-02T17:05:25.117-0700",
          "v": "112",
          "q": "3"
        },
                {
          "ts": "2016-11-03T08:00:25.117-0700",
          "v": "60",
          "q": "3"
        },
        {
          "ts": "2016-11-03T12:04:25.118-0700",
          "v": "112",
          "q": "3"
        },
                {
          "ts": "2016-11-03T17:05:25.117-0700",
          "v": "115",
          "q": "3"
        },
                {
          "ts": "2016-11-04T08:00:25.117-0700",
          "v": "112",
          "q": "3"
        },
        {
          "ts": "2016-11-04T12:04:25.118-0700",
          "v": "112",
          "q": "3"
        },
                {
          "ts": "2016-11-04T17:05:25.117-0700",
          "v": "114",
          "q": "3"
        },
                {
          "ts": "2016-11-05T08:00:25.117-0700",
          "v": "60",
          "q": "3"
        },
        {
          "ts": "2016-11-05T12:04:25.118-0700",
          "v": "112",
          "q": "3"
        },
                {
          "ts": "2016-11-05T17:05:25.117-0700",
          "v": "114",
          "q": "3"
        },
                {
          "ts": "2016-11-06T08:00:25.117-0700",
          "v": "114",
          "q": "3"
        },
        {
          "ts": "2016-11-06T12:04:25.118-0700",
          "v": "130",
          "q": "3"
        },
                {
          "ts": "2016-11-06T17:05:25.117-0700",
          "v": "190",
          "q": "3"
        }
       ]
    }
]
}
