{
  "classifications": [
    {
      "id": "<YOURNAME>-TRUCK-MANUFACTURER",
      "name": "<YOURNAME>-TRUCK MANUFACTURER",
      "description": "TRUCK MANUFACTURER COMPANY",
      "ccomClass": "ENTERPRISE_TYPE"
    },
    {
      "id": "<YOURNAME>-TRUCK-PLANT",
      "name": "<YOURNAME>-TRUCK PLANT",
      "description": "PLANT",
      "ccomClass": "SITE_TYPE"
    },
    {
      "id": "<YOURNAME>-MODEL-LINE",
      "name": "<YOURNAME>-MODEL LINE",
      "description": "MANUFACTURING LINE THAT MAKES A SPECIFC TRUCK",
      "ccomClass": "SEGMENT_TYPE"
    },
    {
      "id": "<YOURNAME>-DIESEL-TRUCK-CLASS",
      "name": "<YOURNAME>-DIESEL-TRUCK-CLASS",
      "description": "PARENT TRUCK",
      "ccomClass": "ASSET_TYPE"
    },
    {
      "id": "<YOURNAME>-TYPE-A-TRUCK",
      "name": "<YOURNAME>-TRUCK MODEL A",
      "description": "MODEL A TRUCK TYPE",
      "ccomClass": "ASSET_TYPE",
      "parent": "<YOURNAME>-DIESEL-TRUCK-CLASS"
    },
    {
      "id": "<YOURNAME>-TYPE-B-TRUCK",
      "name": "<YOURNAME>-TRUCK MODEL B",
      "description": "MODEL B TRUCK TYPE",
      "ccomClass": "ASSET_TYPE",
      "parent": "<YOURNAME>-DIESEL-TRUCK-CLASS"
    }
  ],
  "instances": [
    {
      "id": "<YOURNAME>-MACK-TRUCKS",
      "name": "<YOURNAME>-MACK TRUCK COMPANY",
      "description": "",
      "classification": "<YOURNAME>-TRUCK-MANUFACTURER",
      "properties": [],
      "ccomClass": "ENTERPRISE"
    },
    {
      "id": "<YOURNAME>-OHIO-PLANT",
      "name": "<YOURNAME>-TOLEDO PLANT",
      "description": "MACK TRUCK PLANT TOLEDO",
      "classification": "<YOURNAME>-TRUCK-PLANT",
      "ccomClass": "SITE"
    },
        {
      "id": "<YOURNAME>-MAINTENANCE-YARD",
      "name": "<YOURNAME>-MAINTENANCE-YARD",
      "description": "MACK TRUCK MAINTENANCE YARD",
      "classification": "<YOURNAME>-TRUCK-PLANT",
      "ccomClass": "SITE"
    },
        {
      "id": "<YOURNAME>-SEMITRUCK-LINE",
      "name": "<YOURNAME>-SEMITRUCK-LINE",
      "description": "MACK TRUCK PLANT TOLEDO",
      "classification": "<YOURNAME>-MODEL-LINE",
      "ccomClass": "SEGMENT"
    },
    {
      "id": "<YOURNAME>-DAYCAB-01",
      "name": "<YOURNAME>-DAYCAB-01",
      "description": "",
      "classification": "<YOURNAME>-TYPE-A-TRUCK",
      "ccomClass": "ASSET",
      "properties": [
        {
          "id": "position",
          "type": "string",
          "value": [
            "701"
          ]
        },
        {
          "id": "MODEL-NUMBER",
          "type": "string",
          "value": [
            "A2345"
          ]
        }
      ]
    },
        {
      "id": "<YOURNAME>-NIGHTSLEEPER-01",
      "name": "<YOURNAME>-NIGHTSLEEPER-01",
      "description": "",
      "classification": "<YOURNAME>-TYPE-A-TRUCK",
      "ccomClass": "ASSET",
      "properties": [
        {
          "id": "position",
          "type": "string",
          "value": [
            "701"
          ]
        },
        {
          "id": "MODEL-NUMBER",
          "type": "string",
          "value": [
            "A8765"
          ]
        }
      ]
    }
  ],
  "tagClassifications": [
    {
      "id": "TEMPERATURE",
      "name": "TEMPERATURE",
      "description": "This is TEMPERATURE Classification",
      "reservedProperties": {
        "uom": "F",
        "dataType": "Double",
        "resolution": ""
      }
    },
    {
      "id": "HYDRAULIC",
      "name": "HYDRAULIC",
      "description": "This is HYDRAULIC Classification",
      "reservedProperties": {
        "uom": "KPA",
        "dataType": "Double",
        "resolution": ""
      }
    },
    {
      "id": "TIRE-PRESSURE",
      "name": "TIRE-PRESSURE",
      "description": "This is TIRE-PRESSURE Classification",
      "reservedProperties": {
        "uom": "KPA",
        "dataType": "Double",
        "resolution": ""
      }
    },
    {
      "id": "FUEL-LEVEL",
      "name": "FUEL-LEVEL",
      "description": "This is FUEL-LEVEL Classification",
      "reservedProperties": {
        "uom": "GALLONS",
        "dataType": "Double",
        "resolution": ""
      }
    }
  ],
  "connections": [
    {
      "from": {
        "id": "<YOURNAME>-OHIO-PLANT",
        "ccomClass": "SITE"
      },
      "to": [
        {
          "id": "<YOURNAME>-MACK-TRUCKS",
          "ccomClass": "ENTERPRISE",
          "type": "parent"
        }
      ]
    },
        {
      "from": {
        "id": "<YOURNAME>-MAINTENANCE-YARD",
        "ccomClass": "SITE"
      },
      "to": [
        {
          "id": "<YOURNAME>-MACK-TRUCKS",
          "ccomClass": "ENTERPRISE",
          "type": "parent"
        }
      ]
    },
     {
      "from": {
        "id": "<YOURNAME>-SEMITRUCK-LINE",
        "ccomClass": "SEGMENT"
      },
      "to": [
        {
          "id": "<YOURNAME>-OHIO-PLANT",
          "ccomClass": "SITE",
          "type": "parent"
        }
      ]
    },
        {
      "from": {
        "id": "<YOURNAME>-DAYCAB-01",
        "ccomClass": "ASSET"
      },
      "to": [
        {
          "id": "<YOURNAME>-SEMITRUCK-LINE",
          "ccomClass": "SEGMENT",
          "type": "parent"
        }
      ]
    },
    {
      "from": {
        "id": "<YOURNAME>-NIGHTSLEEPER-01",
        "ccomClass": "ASSET"
      },
      "to": [
        {
          "id": "<YOURNAME>-SEMITRUCK-LINE",
          "ccomClass": "SEGMENT",
          "type": "parent"
        }
      ]
    }
  ],
  "tagAssociations": [
    {
      "monitoredEntity": {
        "id": "<YOURNAME>-DAYCAB-01",
        "ccomClass": "ASSET"
      },
      "tags": [
        {
          "name": "COOLANTTEMP",
          "id": "<YOURNAME>-DAYCAB-01.COOLANTTEMP",
          "description": "ENGINETEMP",
          "classification": "TEMPERATURE",
          "unit": "",
          "reservedProperties": {
            "status": "02",
            "uom": "F",
            "dataType": "Double",
            "resolution": ""
          }
        },
        {
          "name": "TIRE-PRESSURE",
          "id": "<YOURNAME>-DAYCAB-01.TIRE-PRESSURE-FR",
          "description": "TIRE-PRESSURE CAB FR",
          "classification": "TIRE-PRESSURE",
          "unit": "",
          "reservedProperties": {
            "status": "02",
            "uom": "KPA",
            "dataType": "Double",
            "resolution": ""
          }
        },
        {
          "name": "TIRE-PRESSURE",
          "id": "<YOURNAME>-DAYCAB-01.TIRE-PRESSURE-FL",
          "description": "TIRE-PRESSURE CAB FL",
          "classification": "TIRE-PRESSURE",
          "unit": "",
          "reservedProperties": {
            "status": "02",
            "uom": "KPA",
            "dataType": "Double",
            "resolution": ""
          }
        },
        {
          "name": "TIRE-PRESSURE",
          "id": "<YOURNAME>-DAYCAB-01.TIRE-PRESSURE-BL",
          "description": "TIRE-PRESSURE CAB BL",
          "classification": "TIRE-PRESSURE",
          "unit": "",
          "reservedProperties": {
            "status": "02",
            "uom": "KPA",
            "dataType": "Double",
            "resolution": ""
          }
        },
        {
          "name": "TIRE-PRESSURE",
          "id": "<YOURNAME>-DAYCAB-01.TIRE-PRESSURE-BR",
          "description": "TIRE-PRESSURE CAB BR",
          "classification": "TIRE-PRESSURE",
          "unit": "",
          "reservedProperties": {
            "status": "02",
            "uom": "KPA",
            "dataType": "Double",
            "resolution": ""
          }
        },
                {
          "name": "FUEL-LEVEL",
          "id": "<YOURNAME>-DAYCAB-01.FUEL-LEVEL",
          "description": "FUEL-LEVEL",
          "classification": "FUEL-LEVEL",
          "unit": "",
          "reservedProperties": {
            "status": "02",
            "uom": "GALLONS",
            "dataType": "Double",
            "resolution": ""
          }
        }
        ]
        },
    {
      "monitoredEntity": {
        "id": "<YOURNAME>-NIGHTSLEEPER-01",
        "ccomClass": "ASSET"
      },
      "tags": [
        {
          "name": "COOLANTTEMP",
          "id": "<YOURNAME>-NIGHTSLEEPER-01.COOLANTTEMP",
          "description": "ENGINETEMP",
          "classification": "TEMPERATURE",
          "unit": "",
          "reservedProperties": {
            "status": "02",
            "uom": "F",
            "dataType": "Double",
            "resolution": ""
          }
      },
              {
          "name": "TIRE-PRESSURE",
          "id": "<YOURNAME>-NIGHTSLEEPER-01.TIRE-PRESSURE-FR",
          "description": "TIRE-PRESSURE CAB FR",
          "classification": "TIRE-PRESSURE",
          "unit": "",
          "reservedProperties": {
            "status": "02",
            "uom": "KPA",
            "dataType": "Double",
            "resolution": ""
          }
        },
        {
          "name": "TIRE-PRESSURE",
          "id": "<YOURNAME>-NIGHTSLEEPER-01.TIRE-PRESSURE-FL",
          "description": "TIRE-PRESSURE CAB FL",
          "classification": "TIRE-PRESSURE",
          "unit": "",
          "reservedProperties": {
            "status": "02",
            "uom": "KPA",
            "dataType": "Double",
            "resolution": ""
          }
        },
        {
          "name": "TIRE-PRESSURE",
          "id": "<YOURNAME>-NIGHTSLEEPER-01.TIRE-PRESSURE-BL",
          "description": "TIRE-PRESSURE CAB BL",
          "classification": "TIRE-PRESSURE",
          "unit": "",
          "reservedProperties": {
            "status": "02",
            "uom": "KPA",
            "dataType": "Double",
            "resolution": ""
          }
        },
        {
          "name": "TIRE-PRESSURE",
          "id": "<YOURNAME>-NIGHTSLEEPER-01.TIRE-PRESSURE-BR",
          "description": "TIRE-PRESSURE CAB BR",
          "classification": "TIRE-PRESSURE",
          "unit": "",
          "reservedProperties": {
            "status": "02",
            "uom": "KPA",
            "dataType": "Double",
            "resolution": ""
          }
        },
                {
          "name": "FUEL-LEVEL",
          "id": "<YOURNAME>-NIGHTSLEEPER-01.FUEL-LEVEL",
          "description": "FUEL-LEVEL",
          "classification": "FUEL-LEVEL",
          "unit": "",
          "reservedProperties": {
            "status": "02",
            "uom": "GALLONS",
            "dataType": "Double",
            "resolution": ""
          }
        }
    ]
  }
]
}